funkcja,domena,data_czas
DNS,www.realmadrid.pl,2023-08-21 13:16:00
DNS,fcbarca.com,2023-08-21 13:16:18
Whois,e-elektro.pl,2023-08-21 13:23:19
Whois,afs.biz.pl,2023-08-21 14:10:38
Whois,antyfiresystem.pl,2023-08-21 14:11:38
Whois,lastgame.pl,2023-08-21 14:43:00
DNS,az.pl,2023-08-21 14:47:55
DNS,www.realmadrid.pl,2023-08-21 15:18:05
DNS,www.realmadrid.pl,2023-08-21 15:18:13
DNS,realmadrid.pl,2023-08-21 15:18:21
DNS,grundinstalacje.pl,2023-08-21 15:22:30
Whois,grundinstalacje.pl,2023-08-21 15:29:25
SSL,home.pl,2023-08-21 15:43:07
DNS,realmadrid.pl,2023-08-21 18:13:14
DNS,realmadrid.pl,2023-08-21 19:26:00
SSL,home.pl,2023-08-21 19:34:46
SSL,cda.pl,2023-08-21 20:11:45
SSL,home.pl,2023-08-21 20:21:10
SSL,home.pl,2023-08-22 08:50:27
Whois,home.pl,2023-08-22 08:50:55
Whois,realmadrid.pl,2023-08-22 08:53:09
Whois,gmina-chojnow.pl,2023-08-22 08:53:27
Whois,teczowakraina.com.pl,2023-08-22 09:22:24
DNS,teczowakraina.com.pl,2023-08-22 09:22:52
DNS,petropil.pl,2023-08-22 09:34:37
DNS,smtp.strefa.pl,2023-08-22 09:34:59
DNS,kubaty.pl,2023-08-22 09:54:33
DNS,kubaty.pl,2023-08-22 09:54:38
